origin,total
C1A,29.99992077140031
C1B,70.00007922859969
C2A,100.00079161933472
C2B,199.99920838066527
