destination,total
C1A,99.9999883254737
C1B,100.0000116745263
C2A,99.99990399576923
C2B,100.00009600423077
